uuid_archive,uuid_person
51f34b86-e5b5-11ec-8b81-0000000007de,50bd2d71-7a93-3fda-8187-4f1ca63afade
51f34b86-e5b5-11ec-8b81-0000000007de,b6a2479d-bf1c-3024-a011-485057c47827
51f34b86-e5b5-11ec-8b81-0000000007de,45c25c69-2d6a-3dda-bc0a-00d753c27fc7
51f34b86-e5b5-11ec-8b81-0000000007de,9cfbfecc-a03d-3057-b206-a7ff35c68086
51f34b86-e5b5-11ec-8b81-0000000007de,2d345af2-03dc-36d5-bb4c-e95d57fa000b
51f34b86-e5b5-11ec-8b81-0000000007de,10427ed4-5f05-3d59-bfbf-32747c5575cd
51f34b86-e5b5-11ec-8b81-0000000007de,bf3e2e9f-029c-318d-a3d2-8f4b17ef8645
51f2cd1e-e5b5-11ec-ab4f-0000000007e1,2e9041fc-cddb-3eff-bb30-c325d390bbb9
51f31db4-e5b5-11ec-bcaa-a0999b044eaf,3ebc1718-54e2-314a-a8f4-8c981f98846e
51f34b86-e5b5-11ec-8b81-0000000007de,9cce9791-a140-3b93-9e53-f6313f3536b6
